method,memory_mb
adaptive,4.2309675216674805
fixed,4.238528251647949
traditional,4.229949951171875
