algorithm,ingestion_rate_logs_per_sec,verification_time_ms
sha256,163292.07853335876,21.29673957824707
blake2b,175073.42199070015,21.17300033569336
